{
  "name": "Default",
  "val_loss": [
    0.012458361798163616,
    0.008356319507583976,
    0.005947510912929746,
    0.004891214096322515,
    0.00453753755507271,
    0.003954769587532307,
    0.003903213831521994,
    0.003611083630169036,
    0.0027310461466020734,
    0.0024237062273944807,
    0.0018944753783492188,
    0.00211193201087581,
    0.0020319014934516003,
    0.0019579014525251378,
    0.0019164024017134745,
    0.001547202165718111,
    0.001567771721855741,
    0.001676405776434518,
    0.0018167398149230532,
    0.0015701321685672597,
    0.0017165189521179084,
    0.001256392958814765,
    0.0018435643243278857,
    0.0013352253896631407,
    0.0012828310025339085,
    0.001347041684863198,
    0.001577741413436315,
    0.0017765824101815904,
    0.0018774039515736865,
    0.0017035608124746377,
    0.001202339806378873,
    0.0014557287520209215,
    0.0011063544748828986,
    0.0014088752338094227,
    0.0014160487465260578,
    0.0014737105003873833,
    0.0014591404944825847,
    0.0012405284267956492,
    0.001309862214783965,
    0.0011764377059907101,
    0.0012762674974841173,
    0.0014585028007841725,
    0.0014526307837293257,
    0.0015032353504383618,
    0.0011030442184529888,
    0.0011120610123670663,
    0.0013488725304672369,
    0.0014597821966824333,
    0.00142259504661979,
    0.0012941300236868549
  ],
  "train_loss": [
    0.060534683094980814,
    0.010073785786516964,
    0.007890096050687134,
    0.006452910679702957,
    0.0053646947878102464,
    0.004708740200536947,
    0.004420805023983121,
    0.0041123395203612745,
    0.003383811931901922,
    0.0029495139800322554,
    0.002491432591341436,
    0.002406104661834737,
    0.002424799449120959,
    0.002429505994465823,
    0.0021178182699562362,
    0.002032639012516787,
    0.0018280985144277413,
    0.0019070551012797903,
    0.0018398196940931182,
    0.0019779377325903624,
    0.001822762715164572,
    0.0018829156178981066,
    0.0018501217806867014,
    0.0017941012144243966,
    0.00174269843652534,
    0.0016419181774836034,
    0.0016772557379833113,
    0.001723048189887777,
    0.001868215991028895,
    0.001840557223961999,
    0.0016805922205094248,
    0.0016459912294521928,
    0.0016512589160508166,
    0.0015468310254315536,
    0.0015516584680881351,
    0.0015276788035407662,
    0.001586891565239057,
    0.001578645261664254,
    0.001573059931009387,
    0.00150109882815741,
    0.0014821910784424592,
    0.0015432474028784782,
    0.001615839214840283,
    0.0015963359328452498,
    0.0014667957924151172,
    0.0013955988154824202,
    0.001482437980788139,
    0.0015002701450915386,
    0.0016008744132705033,
    0.0015524145273957402
  ],
  "SSIM_curve": [
    0.6450966045897906,
    0.631812887053879,
    0.6702243086063381,
    0.7130237491263013,
    0.7441301888590414,
    0.7626902655973782,
    0.7773740246209233,
    0.7895914742504683,
    0.8276677200405342,
    0.8368194816656123,
    0.8578238488449875,
    0.8623688954394527,
    0.8630980764557901,
    0.8738083660361309,
    0.8721726268400568,
    0.8822359583686811,
    0.8837858764255772,
    0.8820863961190679,
    0.8809590126790721,
    0.8858958384234986,
    0.8919336631280415,
    0.8964109455465544,
    0.8917984966531123,
    0.901355064536041,
    0.9019469835890538,
    0.9043366779529133,
    0.8945587040283838,
    0.9022365636649667,
    0.896201668234213,
    0.8954238829554824,
    0.896248226972931,
    0.8956816692053452,
    0.9082811714512354,
    0.8983286752409358,
    0.9032001096487485,
    0.8982182309063261,
    0.9047654608759029,
    0.9075762071372147,
    0.9044207499998855,
    0.9052036744340399,
    0.9086947728406467,
    0.906187404500078,
    0.9026260440036606,
    0.9075095656425624,
    0.9057513689171157,
    0.9065092925011315,
    0.9064946241397741,
    0.9065575008707015,
    0.9051673113700334,
    0.9125652023904844
  ],
  "MSE_curve": [
    0.012458361655615232,
    0.008356319518478154,
    0.005947510904751693,
    0.004891214088303958,
    0.004537537554559784,
    0.0039547695964489,
    0.0039032137878955027,
    0.003611083629351191,
    0.002731046160014479,
    0.002423706235379242,
    0.001894475366309197,
    0.0021119319812064343,
    0.0020319014412742147,
    0.0019579014302970868,
    0.0019164023952994095,
    0.0015472021818408572,
    0.001567771708273104,
    0.0016764057896894954,
    0.0018167397999478523,
    0.0015701321737091752,
    0.001716518947550355,
    0.0012563929667477375,
    0.0018435643112746484,
    0.0013352253950842403,
    0.0012828310006768528,
    0.0013470417071545708,
    0.0015777414045881682,
    0.0017765824310228137,
    0.0018774039515180533,
    0.0017035608328621215,
    0.0012023398233401105,
    0.0014557287616937637,
    0.0011063544881339577,
    0.0014088752287950577,
    0.0014160487650774238,
    0.0014737105002306137,
    0.0014591404888386677,
    0.0012405284049109948,
    0.0013098622246780606,
    0.0011764377107227942,
    0.0012762675109766507,
    0.0014585028215453003,
    0.0014526307902652427,
    0.0015032353765128154,
    0.0011030442065008454,
    0.0011120610154229486,
    0.0013488725160073125,
    0.0014597822145271807,
    0.0014225950324907792,
    0.0012941300167871885
  ],
  "SSIM": 0.9216907317819336,
  "MSE": 0.001093051112728433,
  "SSIM Bicubic": 0.906169366667591,
  "MSE Bicubic": 0.0012999341370742397
}