{
  "name": "ptq_quantized",
  "SSIM": 0.9188196992698084,
  "MSE": 0.0011065884159166869,
  "SSIM Bicubic": 0.906169366667591,
  "MSE Bicubic": 0.0012999341370742397
}