{
  "name": "qat_quantized",
  "val_loss": [
    0.0013288431098661738,
    0.0013234653191499422,
    0.0011679007790614075,
    0.001296641407489832,
    0.0012427176525375905,
    0.0013859340737684706,
    0.0010594894552703022,
    0.0010865107165459035
  ],
  "train_loss": [
    0.0028687599842669442,
    0.002858576374516512,
    0.0027445309970062226,
    0.0028424474536829316,
    0.00268486292528299,
    0.002819129100923116,
    0.0027000281212773793,
    0.0028502219259583703
  ],
  "SSIM_curve": [
    0.9023305624852536,
    0.9124224017404732,
    0.9125054039868269,
    0.9085166715624301,
    0.9103717133630714,
    0.9088093724321965,
    0.908572342498394,
    0.911194316942007
  ],
  "MSE_curve": [
    0.0013288431134619993,
    0.0013234653381469085,
    0.0011679007814923152,
    0.00129664141943877,
    0.0012427176584844275,
    0.0013859340727984041,
    0.00105948946368973,
    0.0010865107223427257
  ],
  "SSIM": 0.9208489156246803,
  "MSE": 0.0010739759358567155,
  "SSIM Bicubic": 0.906169366667591,
  "MSE Bicubic": 0.0012999341370742397
}